year,Yarış,Puan,Galibiyet,Podyum,Ortalama_Pozisyon
2002,17,221.0,15,27,1.793103448275862
2004,18,262.0,15,29,2.6176470588235294
2000,17,170.0,10,21,2.230769230769231
2001,17,179.0,9,24,2.689655172413793
2006,18,201.0,9,19,3.5
2007,17,204.0,9,22,3.1333333333333333
2008,18,172.0,8,19,5.21875
2003,16,158.0,8,16,3.576923076923077
1953,8,122.5,7,16,4.75
1952,8,120.5,7,17,4.78125
